{"cameraMode":{"drawMode":0,"name":"Shaded","section":"Shading Mode"},"sceneLighting":true,"audioPlay":false,"sceneViewState":{"showFog":true,"showMaterialUpdate":true,"showSkybox":true,"showFlares":true,"showImageEffects":true,"showParticleSystems":true},"in2DMode":false,"pivot":{"x":-1.8592948913574219,"y":45.229942321777347,"z":25.96044158935547},"rotation":{"x":-0.02153710089623928,"y":0.972797155380249,"z":-0.10104561597108841,"w":-0.2073444128036499},"size":78.97028350830078,"orthographic":false}