{"cameraMode":{"drawMode":0,"name":"Shaded","section":"Shading Mode"},"sceneLighting":true,"audioPlay":false,"sceneViewState":{"showFog":true,"showMaterialUpdate":true,"showSkybox":true,"showFlares":true,"showImageEffects":true,"showParticleSystems":true},"in2DMode":false,"pivot":{"x":-1.395211100578308,"y":1.413558006286621,"z":-0.228849858045578},"rotation":{"x":-0.006048585753887892,"y":0.9673416018486023,"z":0.02164566144347191,"w":0.25247788429260256},"size":27.6287899017334,"orthographic":false}