{"cameraMode":{"drawMode":0,"name":"Shaded","section":"Shading Mode"},"sceneLighting":true,"audioPlay":false,"sceneViewState":{"showFog":true,"showMaterialUpdate":true,"showSkybox":true,"showFlares":true,"showImageEffects":true,"showParticleSystems":true},"in2DMode":false,"pivot":{"x":22.484901428222658,"y":46.958091735839847,"z":359.42938232421877},"rotation":{"x":-0.1359454095363617,"y":0.37039560079574587,"z":-0.05453135445713997,"w":-0.9172526001930237},"size":77.89185333251953,"orthographic":true}