{"cameraMode":{"drawMode":0,"name":"Shaded","section":"Shading Mode"},"sceneLighting":true,"audioPlay":false,"sceneViewState":{"showFog":true,"showMaterialUpdate":true,"showSkybox":true,"showFlares":true,"showImageEffects":true,"showParticleSystems":true},"in2DMode":false,"pivot":{"x":19.843223571777345,"y":55.549720764160159,"z":349.08624267578127},"rotation":{"x":-0.16554878652095796,"y":0.35751792788505556,"z":-0.06418780982494354,"w":-0.9168722033500671},"size":69.58695983886719,"orthographic":true}