{"cameraMode":{"drawMode":0,"name":"Shaded","section":"Shading Mode"},"sceneLighting":true,"audioPlay":false,"sceneViewState":{"showFog":true,"showMaterialUpdate":true,"showSkybox":true,"showFlares":true,"showImageEffects":true,"showParticleSystems":true},"in2DMode":false,"pivot":{"x":-0.5591838359832764,"y":0.20363926887512208,"z":2.8958258628845217},"rotation":{"x":0.11684248596429825,"y":-0.05776052922010422,"z":0.006791840307414532,"w":0.9914461374282837},"size":11.189338684082032,"orthographic":false}