{"cameraMode":{"drawMode":0,"name":"Shaded","section":"Shading Mode"},"sceneLighting":true,"audioPlay":false,"sceneViewState":{"showFog":false,"showMaterialUpdate":false,"showSkybox":false,"showFlares":false,"showImageEffects":false,"showParticleSystems":false},"in2DMode":false,"pivot":{"x":82.45109558105469,"y":82.25003051757813,"z":282.85235595703127},"rotation":{"x":-0.03619076684117317,"y":-0.9401242733001709,"z":0.32201701402664187,"w":-0.1056486964225769},"size":247.39561462402345,"orthographic":false}