{"cameraMode":{"drawMode":0,"name":"Shaded","section":"Shading Mode"},"sceneLighting":true,"audioPlay":false,"sceneViewState":{"showFog":true,"showMaterialUpdate":true,"showSkybox":true,"showFlares":true,"showImageEffects":true,"showParticleSystems":true},"in2DMode":false,"pivot":{"x":-15.492191314697266,"y":116.57894134521485,"z":561.4874267578125},"rotation":{"x":-0.0059889694675803188,"y":0.14472657442092896,"z":-0.0005357129848562181,"w":-0.9894534945487976},"size":362.4132385253906,"orthographic":false}