{"cameraMode":{"drawMode":0,"name":"Shaded","section":"Shading Mode"},"sceneLighting":false,"audioPlay":false,"sceneViewState":{"showFog":false,"showMaterialUpdate":false,"showSkybox":false,"showFlares":false,"showImageEffects":false,"showParticleSystems":false},"in2DMode":false,"pivot":{"x":-28.924301147460939,"y":108.93603515625,"z":-31.0894718170166},"rotation":{"x":-0.0865069329738617,"y":0.7118746638298035,"z":-0.0890897586941719,"w":-0.6912409067153931},"size":203.60401916503907,"orthographic":false}