{"cameraMode":{"drawMode":0,"name":"Shaded","section":"Shading Mode"},"sceneLighting":true,"audioPlay":false,"sceneViewState":{"showFog":true,"showMaterialUpdate":true,"showSkybox":true,"showFlares":true,"showImageEffects":true,"showParticleSystems":true},"in2DMode":false,"pivot":{"x":507.00494384765627,"y":-93.75103759765625,"z":153.61239624023438},"rotation":{"x":0.17880189418792725,"y":0.5692428946495056,"z":-0.1284935176372528,"w":0.7921375632286072},"size":1097.3316650390625,"orthographic":false}